{ "titulo":"A Forja",
  "horario":"16:40",
  "sinopse":"Um ano depois de terminar o ensino médio e sem planos para o futuro, Isaiah é desafiado por sua mãe solteira e um empresário de sucesso a começar um relacionamento com Deus para traçar um rumo melhor para sua vida.",
  "dataLancamento": "26 de setembro de 2024 (Brasil)",
  "direcao": "Alex Kendrick",
  "preco": 25.0,
  "lugares":[
    { "id": 1, "reservado": true },
    { "id": 2, "reservado": true },
    { "id": 3, "reservado": false },
    { "id": 4, "reservado": false },
    { "id": 5, "reservado": false },
    { "id": 6, "reservado": false },
    { "id": 7, "reservado": true },
    { "id": 8, "reservado": true },
    { "id": 9, "reservado": false },
    { "id": 10, "reservado": false },
    { "id": 11, "reservado": false },
    { "id": 12, "reservado": true },
    { "id": 13, "reservado": true },
    { "id": 14, "reservado": false },
    { "id": 15, "reservado": true },
    { "id": 16, "reservado": true },
    { "id": 17, "reservado": true },
    { "id": 18, "reservado": true },
    { "id": 19, "reservado": false },
    { "id": 20, "reservado": false },
    { "id": 21, "reservado": false },
    { "id": 22, "reservado": false },
    { "id": 23, "reservado": false  },
    { "id": 24, "reservado": false },
    { "id": 25, "reservado": false },
    { "id": 26, "reservado": false },
    { "id": 27, "reservado": true },
    { "id": 28, "reservado": true },
    { "id": 29, "reservado": false },
    { "id": 30, "reservado": false },
    { "id": 31, "reservado": true  },
    { "id": 32, "reservado": true  },
    { "id": 33, "reservado": true  },
    { "id": 34, "reservado": true  },
    { "id": 35, "reservado": false },
    { "id": 36, "reservado": false },
    { "id": 37, "reservado": false },
    { "id": 38, "reservado": false },
    { "id": 39, "reservado": false },
    { "id": 40, "reservado": false },
    { "id": 41, "reservado": false },
    { "id": 42, "reservado": false },
    { "id": 43, "reservado": false },
    { "id": 44, "reservado": false },
    { "id": 45, "reservado": true },
    { "id": 46, "reservado": false },
    { "id": 47, "reservado": false },
    { "id": 48, "reservado": true  },
    { "id": 49, "reservado": true  },
    { "id": 50, "reservado": false },
    { "id": 51, "reservado": false },
    { "id": 52, "reservado": false },
    { "id": 53, "reservado": false },
    { "id": 54, "reservado": false },
    { "id": 55, "reservado": false },
    { "id": 56, "reservado": false },
    { "id": 57, "reservado": false },
    { "id": 58, "reservado": false },
    { "id": 59, "reservado": true  },
    { "id": 60, "reservado": true  },
    { "id": 61, "reservado": false },
    { "id": 62, "reservado": false },
    { "id": 63, "reservado": true },
    { "id": 64, "reservado": true },
    { "id": 65, "reservado": false },
    { "id": 66, "reservado": false },
    { "id": 67, "reservado": false },
    { "id": 68, "reservado": false }
]
}